username,first_name,last_name,email,password
vqajndpe,Uboqs,Bezizgo,dcweduunyl@example.com,mtllsznradlh
hnvzwmhy,Qswnh,Vdusnyg,hhujwpuvcd@example.com,mwdlkvtoucio
iselgxer,Lglvr,Dodzmil,fznddhfrbo@example.com,jbxsqxehuhtp
lziqgedw,Uwbgz,Hahzeis,rkbjesmdly@example.com,wkzrkbplqjix
miynqdzy,Kamcn,Bvbrgwb,jjewfyseny@example.com,pimyyobweyrm
sedckeki,Ojuco,Xcmyjma,dgbqscojsm@example.com,xiehpbrdojlc
znluowfz,Ddsix,Jzkecix,gqneditadz@example.com,bfbhjzmketgx
fgkvdazy,Hdxec,Vrrqhcl,fempqkobdq@example.com,bzwfklrbzkff
sbkkofyk,Imaid,Zzrbrmo,wkfwuawvsa@example.com,tatraocrpngr
cuhalttc,Zyznk,Wwrzsue,lfviazhbvm@example.com,lxymqnadflzc
sycktxwp,Fjhtl,Cfjzgqr,kvtmrgyagc@example.com,zynpyghfhwrb
xywtinab,Urwjj,Neybaxl,asgrjbkdbu@example.com,gxlemvujgalw
gekbkhwc,Uqwyc,Picxnvp,pkoqopncxz@example.com,wayttwnunhrj
lbkttjpc,Ksyvq,Qpstzap,aexzdmycdp@example.com,mzdxvrmfvars
dvpdonjy,Wvlos,Bbfoczy,octrrrmxyi@example.com,flsoyhlplmrc
uhqwmtll,Nprod,Vurukgt,vdtbsotfsr@example.com,bfwdfutwtvbc
odrfsflh,Lkgkg,Qtxxvjw,vnouiyyvvf@example.com,ocqemquvcnky
ardrofav,Csywu,Brrkboz,cesfrwicjr@example.com,ydwuiyfpsttx
tcnpspfx,Hfhme,Mtsuupc,mfetfhyitr@example.com,hvykusojvkql
klawdych,Kkrxb,Fcvawkt,fyvuvqsojg@example.com,fyahnyeqqgsg
mtlcirkj,Mhkaf,Uahvdwa,yfvsizxmsh@example.com,llupyvsizonb
nzefzrwj,Nwker,Ngfaywh,sqydcvurbb@example.com,qgoiqidbvbuy
irjcescy,Yrhsm,Uyovfud,pbdoscsdfb@example.com,zozpkwkdykxm
gliqeaqv,Ajotc,Cwmkvhf,xpifuxdyzh@example.com,hudrkwrvhcnq
evthugvy,Exfxd,Mohabqa,drumuubjsr@example.com,uzqfdidwqhpn
hofqvddo,Prcfa,Obmayvi,haqpblbhow@example.com,rqljkzhwyskg
ujwqcwca,Iihoo,Rhjtbae,hlfeidfwer@example.com,pmrwsncncijv
wudhaxau,Awjfg,Azokqvv,vuepgnwjil@example.com,zqnsrjnvbqmj
hvnlpzqt,Wiwzg,Aikpvus,oyemsrvizl@example.com,ujydvfgxqgbe
tpnnctxa,Xgktr,Dmdbekb,txlgyvuchq@example.com,qgytsoelrjyc
igmqvyhc,Suijh,Vocmgmk,pxonwrymub@example.com,ustjimaomsdi
xkupqiuq,Guvcm,Kgagrxw,unerzikzvh@example.com,evospdomokae
qqumumea,Ubski,Tbpgayh,wbxvhsukls@example.com,vjxxejzymheo
aylkmkhj,Hxfef,Kqbtaju,fdnzkjwnxl@example.com,oetxomwulrtb
wjrtbgaa,Ebmmb,Yxrwmuf,hzlogcyykk@example.com,otssbrtnoloi
rfofkmyh,Pxdiw,Birpdkg,esjupzwako@example.com,rolpkzcptggb
zqihntkg,Dzlrh,Jbhgxnm,cfsxlinofr@example.com,bhabvmsehedh
dxtqsben,Iqige,Fqbhfpw,ebcvcfwoij@example.com,dycdmrgxwexh
gscgualz,Goapx,Wmzgwus,wruvytjkct@example.com,tkxtaiyvwyqd
tttnzjza,Jduyd,Fxqoprz,zasenvyniv@example.com,mrbcmietppwm
vqeehkxq,Gjmhb,Kjninip,fmvhorrhsu@example.com,wzotkpwvztxq
rxtvtlhi,Xbiqa,Zuktiky,zhmiopfwlg@example.com,qbfzuptvtyxp
fygjxvoi,Cganj,Cpabtln,crflieeelr@example.com,mpdkadhgifdr
igmjbmub,Npunk,Ocvkeua,cxvvhacmab@example.com,ambqrbgmpgmd
xpmpcexq,Lphep,Pywhgse,izwdgewceb@example.com,qqxahvuounyy
yxpluzns,Ohvln,Beeqoju,pisbhvxbgl@example.com,zqqxgannfifm
igvjyihu,Qpbnw,Gddsdlf,fnkgvhrhck@example.com,hskaccxalnan
yuvbkydz,Epare,Jicaizv,zxzfmshege@example.com,arhclymxdmmo
fgnafxzf,Qtamw,Gypyksf,iiobwgsend@example.com,igefjpeufmmu
cskqgjiz,Dhhrc,Qumqpan,pkqrpwhusp@example.com,bnvuamfcdfys
rvzmljgx,Xtfja,Rxmlnlb,vklyfscrwz@example.com,svebfugndacb
cdhtgxmz,Jneep,Nahqwhy,kzstfxipbo@example.com,uikqttzyrtsb
fpqagubs,Qxdzp,Hnzpwqi,dgpgeljsmz@example.com,yofwkgztolwr
vlzjotjx,Bshem,Buabttf,wmdbgawzsd@example.com,egthpehqshir
hhhesqya,Vftce,Glamxiz,mnixdcrqez@example.com,ongckxkwohar
tppjdjdc,Horsy,Watodnv,leiqezojzm@example.com,seipssoogspx
cvddvyoq,Iqeye,Lncilwh,ofrlbyubjw@example.com,wkiqqrlydmgo
tvqkcizx,Kdltf,Jpfowyx,goxnyusrna@example.com,jytlyjiflaar
xcutixjw,Yqogi,Ouekest,sdbesimijo@example.com,xbpgadiqqowe
sftvwbfg,Rpmlg,Hyxgoqx,lltmuedqvd@example.com,cipftsrxkafb
imdmcnwa,Klfep,Cnhoggd,qlyahpcaow@example.com,byziohjsycmp
hztsbynl,Djgxb,Gtrefne,urbzmsqbvw@example.com,ejjafbhhagkz
exhhvpxr,Apijc,Myblxhz,wbpwsgpwad@example.com,csuznyhodlzy
wwpeobjr,Izezv,Zgbpvmm,ukmieesbho@example.com,lliwjwczaqvf
fdnwwhfw,Gjtzn,Rzgroie,rmicrbxtmm@example.com,swvpgsxudxwc
notxsffu,Ihaut,Lddrtrh,nmiwumzbli@example.com,tdefiryywsrx
bjptpqjk,Jraac,Yyyirzh,cylgacfhis@example.com,ewfijufeslsw
qbnjncxr,Htoyg,Mitonqa,tlecbuwlqz@example.com,huvvsemvfxim
mqymwagj,Inexu,Ilnexor,cwhsagkjoc@example.com,apsizuhvgnzz
vyodoipi,Rtnff,Cguerep,fqlgmzjmno@example.com,ahheenihzvjr
ylkbqhws,Gaihm,Qpfftlv,crmskugumm@example.com,kiitpssnsapl
vooactxq,Rlabe,Kjajjjr,tzofxzciuv@example.com,ophurvolnqjv
nippvfki,Tbcpr,Qxckbeg,tdqacbshkb@example.com,ttqqeyzxxteb
wnoghmnb,Rpysc,Ksgswrc,gfhrdhjnim@example.com,vovkxnguovkt
snegumvm,Ucufn,Zluhhzq,xjhkeihaqg@example.com,difvmnvrcneh
xuywccyz,Tpjbj,Rgqfdag,qxdincleij@example.com,ihhjwuhtsxfd
pusnscru,Egzug,Yrfdqhf,csjzdnbkfx@example.com,ylqdoplufsqy
owmhyfyk,Lhtat,Srydpdz,ffykchjkob@example.com,iaottcxeyzvs
pfjdhkkp,Ahjgy,Sspbjxg,bbgncuykrz@example.com,iljmtsjdjbiz
fhaheeyo,Yycpn,Poatjoq,hmsxvysyfa@example.com,izvfkxdouuzv
jajyfhvf,Crxvo,Cfgshth,pqekgcigxk@example.com,gjtnyodwsmqe
fuqxcrnb,Ufjrv,Llyvtcl,lmjgxzrbln@example.com,acwxuaezuohg
zgdygjxy,Gocsm,Gdsgjpc,zpgrbgbaie@example.com,tttihfmbdgky
wykblqsj,Ozgtm,Sueqskx,upifikcdew@example.com,vrsrtlnmsxbf
ihdgvhtg,Rwiwg,Gnuebga,emvjtzlsak@example.com,ortnjxoxtolu
vmkkntke,Waoay,Umpzgeq,oxgycjglmx@example.com,fbulncwyvoeg
mkxdbbcm,Engze,Qbtqpkg,slypyjnvcb@example.com,qngpkxxvaoik
lsxuqhld,Hgfow,Cjrtsdw,ehfadxzrtk@example.com,ybiqzudyiwch
ehccepkp,Tjghc,Coleygd,pdvzgycuol@example.com,rxxxwrgltjjd
qycbwvaj,Dlike,Abnzwjv,cguzavaywp@example.com,dkfcuhrdqfse
jevmbnfq,Pfxig,Qclufyg,nazuovidnh@example.com,guslbzxonawy
guxbvmih,Fhtkf,Ubknfim,jgsnbdzeup@example.com,tvogdvoxerqo
yrozcscq,Gyyub,Okepdsr,jvelvvbahx@example.com,ihizdqglkias
mcyeneol,Lomlb,Platzjj,bvlwbfzksl@example.com,cwejkrtoauho
mjqhxqch,Fboqi,Wvvuwsb,pkaggaqzrv@example.com,hyopctkofgkf
ccqbjavt,Boyhs,Wpbygqt,lyhmfzgnza@example.com,bacydgqmetaz
aampbaew,Eshif,Broofwi,tmvesogxfn@example.com,haxojtubnaml
fkhonhtu,Hunxv,Agnuvgu,nfaklhwyfv@example.com,dleyiogcblcx
nmgerian,Aaprs,Yohavkb,mnentexkfm@example.com,abfkliftmaws
hsxxwtqd,Zdlud,Ljtbdkq,huafogfzns@example.com,mndwltynvych
myiddjev,Ucxbn,Qpimnva,kgnodrbtlr@example.com,qcaviidovrho
mfhvrduw,Vigya,Sfwswso,wjaonxwijm@example.com,nacfhtxpccqa
rcpmtlag,Lovmv,Lvqabmr,awwckkpwvf@example.com,rmphuocxvoqf
slvkeaen,Banig,Txqrjew,dtoobpsatz@example.com,lscewunozjfe
fdfodmpi,Bkplh,Tkbbopj,xjgsmopvok@example.com,nnjmiwowktll
xlvafabj,Kxgxa,Hvwtjkf,hccrywuasa@example.com,ycmmlndlawmy
dtcvlbks,Cbvva,Ojzkhaj,crqtwceubc@example.com,wybigbxhnveb
sshgawiw,Pzkvo,Hjvlqdj,hsikomluli@example.com,mpekrifbabku
iwecplqb,Uxzys,Cxeeqlm,ufubuikwcg@example.com,oiftbvogzncp
rpcqhxbf,Ulfrs,Xrpagus,trgcgydtuc@example.com,senaqhpzcqou
egzuvxmi,Xhwqw,Mbepbkv,dlsqplmvre@example.com,cgfoxlgimczu
cyvhscvr,Cctgt,Cnbpkqr,xhamlvsqwk@example.com,mhldpuzrxyuf
dtiswprl,Xszvs,Ucfvwih,xdjwrrpsrl@example.com,qmlpfsaqllcm
wrmctwcf,Hfmqo,Ntpukqb,pfshkdwyns@example.com,xurraluzrltm
yjghknid,Hmcld,Nfmstvd,gfefprpkgv@example.com,htajlkdyumvm
eanvbytr,Uqpsp,Vphqrxr,qexlcjzcqy@example.com,tnthxucctudx
spnrzyqr,Oafke,Qatfryp,dtmmeolffz@example.com,dxdoaoupzthq
fpewlwtd,Rtvvz,Rmoidmu,egpahmspkh@example.com,dtiejgijiidk
bjxbeogh,Drzfr,Wdmptzs,ioygewyufs@example.com,onbjbujdzeyy
gcrrdujw,Cgfyk,Qugcpeq,piremlaifo@example.com,ncwoimnhnvvx
hrxdypui,Gmdbb,Akywzeg,cljhitiddr@example.com,hgozzvjmjcop
rdqvmwtp,Agnpn,Mvcvxvf,wsvavfffup@example.com,bkxggufiynkx
nrifuode,Dycpk,Pgkjbly,pnvnepmuiw@example.com,thvlfjsjtcuv
qxrudepp,Fdlye,Tpgxjjp,pzefdfugwk@example.com,vvgfzldynkix
wyobayvz,Unmwb,Jrcipae,ktexdpaauk@example.com,ojhwlhmkwbkt
ccoggdlt,Enyke,Ztjbloq,wvuvteytfs@example.com,mzstgnaoycll
ydirifsi,Sssyd,Bxpxoce,yldihylsfe@example.com,qeodtlhxuscj
gdjxdgvs,Fdczu,Gqvyhsk,ubrxgqzqhr@example.com,kxrusbwtfuwh
oohggioh,Dptsw,Snwzemh,qbjjvokubo@example.com,svphhbscrqid
gwpapttz,Sqvae,Mrbilbl,omuykovixz@example.com,gcbznojhumep
epqughsc,Sgmag,Pxabiom,hvvqxfxzau@example.com,uuuswidlliat
lyrrkmle,Awavt,Lycyxto,yelmtmgzyp@example.com,iflaqluloonf
ayfyttnp,Gdccb,Cuweqxt,qpntnhnxml@example.com,glxupajmvrrn
hetbbqxi,Rawwa,Yszdbzf,axxcohgboj@example.com,hhkpmuszftzn
mhkgcyqm,Dnpiu,Xcbhtsw,kbxjxqcmcc@example.com,stnhtwkitobb
hpnsjydc,Otsti,Nuzvoqx,sqjpapusox@example.com,gaxzudruuhag
pdxkjini,Rctme,Taigxlo,xmgtnaupsx@example.com,nkegpexbmuuf
ebyijjer,Vbwdu,Wbgminh,krdcwjflmk@example.com,jadiowtsyotn
biazpwkd,Xjndh,Jipzpif,jxutyvdglo@example.com,gavvtqbwfwuv
vbpnhexw,Hmlwa,Hntemzn,rnjzsfjgao@example.com,jlchhmkudpns
qzoqrrue,Xfjzt,Ufottxu,lchxewhsyz@example.com,nllqgkqlymqk
vlbvxtek,Qkbts,Lyzhgtj,zmruwstcsr@example.com,yzoswiovicsm
mmqecitk,Njkdp,Ygqknef,crbhqjhgxv@example.com,fvdwdoioplql
pupymboy,Qmwnf,Vuotlht,amkjkzyznm@example.com,gmdrfbuoehci
zvfgosre,Eyvag,Eewcyog,ubcqljrxug@example.com,razheahyxhjd
iqyejozh,Jkyfg,Uysheai,osqrvoscjr@example.com,kaayuyztedvi
rlphwzxl,Vstih,Onxitpf,lmyctpofnu@example.com,ydysmtcvirpo
uukpjpnx,Hdoya,Qemfogy,lwkiqdpala@example.com,lklojrrlwyem
phqpqeri,Tgama,Ctsnbds,relfyzxlik@example.com,edqrniwbhubx
okwpoest,Eusre,Gxszuoo,fphgjhkyrd@example.com,iakptvcrnauv
zvzbivwh,Ttsdj,Dczgdvf,yuobpfufcq@example.com,pudwbczmohov
nxaprbyk,Favxx,Pqxoxsh,gsfurhhinp@example.com,qmlogofrytsb
ysspyqtt,Fkzsh,Cpillld,dcxrmvkoqo@example.com,xvtdcisnelro
gmbdculj,Ndyyo,Koacywo,afvtxvmiwl@example.com,fbdnrycmnjah
viihmuts,Zptaf,Thtywyp,tpyxvgsdjv@example.com,rwcjetlnsoza
zizsbgsm,Mcjkr,Diifcxa,gglyqlkzgq@example.com,ttlnuqsbpnlw
epsvzfvd,Xityb,Jodrrqs,szntdbtjab@example.com,wxidzbdxvmhu
jngedtyn,Lipci,Wkpmvad,iggemruvbe@example.com,irwegpdeiine
yqsgkvao,Jwlau,Kswuhea,yuuesmaxtl@example.com,uqsundojperb
wwdrflbx,Jjxtv,Oqbabqo,nfogonbmky@example.com,qazuvukufmjk
xhmukorc,Rzqzg,Rbfmbgz,wmtlfgxgix@example.com,htnkodufacwv
hbcyjyzp,Ekyuc,Idamfdk,wbjpaklzos@example.com,dskzwplpuomi
xonnagdf,Nzgnc,Wftzzxb,pamfibcmbh@example.com,jqffukbyrxtm
fusptlrw,Mdsfw,Czjrrwl,fzeufbfocl@example.com,isksdvgldgbg
smjnpxmn,Cxohq,Jgczsfl,iwpkfwlnhn@example.com,gwnwdosglcdh
zwkdtofq,Hfhgs,Mykbtjd,uunvxfjopk@example.com,izboetwklzca
awhwdywz,Kwxuz,Tckrecu,kjjikxahsq@example.com,nrzsihmicehk
huoanpes,Luepm,Gyjtsct,xkqgnmxtdn@example.com,gkmoxvrwptvf
zziedstb,Odqmd,Shzdmlw,sanmjqxtmz@example.com,gjkffqfhcyto
qyvmcrlr,Knizs,Xsofxay,jzmysyxxyw@example.com,huuslsanegtm
aokdssix,Ewcje,Nzrhwku,dlpdsshtot@example.com,qqcsvevvdmzo
qjhsmdix,Lpnst,Nifuqyt,dcyanwrhyw@example.com,dqrseauyoufk
wbxmjhgz,Cbhjg,Qiriytz,plomedjllg@example.com,nkffgkpnnbyw
ekrkbjyj,Krjub,Vflyhrt,oyvtdgycur@example.com,usohsatplmzw
awyzjnks,Wrjrj,Dahiyxp,ifbbdawtib@example.com,xcrxphsrdcml
aklgnbwp,Hdxmd,Llegnkf,hypjiwopiy@example.com,dsevmhhrvfqp
ndrunwuo,Fkzpr,Htwkbzs,ieibqkpqhi@example.com,ulfdsbtvmsjv
wzhlrzrb,Mtade,Qoslcgx,quuhrpjmxy@example.com,piulzwcaidqj
oddnztsy,Povsn,Bcvphgb,uftyprwhmg@example.com,klpyhglhvuoc
ymdvkirg,Ylvtt,Hlelxji,zbsorczxge@example.com,ifwqhwouqloj
eesmontb,Cigsq,Qefeiib,tzmwlcpexx@example.com,tcmjjxmmsdcz
kehlavot,Yigtt,Dlwfacg,jvjlaarbmu@example.com,kqjowcfdknkd
dtlhzgod,Vdwsm,Xrfytsg,uikbsfastz@example.com,pbjfwozmvrlu
pqkomdcf,Yiftc,Sbkwoqo,cwlitwepml@example.com,nvikojyoqbhp
mtqjjftf,Vpust,Wygnaxw,cusdfboxug@example.com,tmoxdjpfikfc
otwkgfll,Rcacl,Kvtpdlp,nvhthmfppi@example.com,jftaieolfqmf
ucbprwvd,Jgsym,Iojypor,atffetrkle@example.com,lviaofdpogve
sncqgyve,Mbsyw,Irvjjcr,fsnylvbjvr@example.com,cqmbbbmgeqie
wlidsgom,Lewkz,Wgfoyhf,yvaagdjcjt@example.com,doruhvtrcozh
ujsmlgde,Ictto,Mfqkdne,begyfvxhpp@example.com,kisgxcyumivn
rtzxryvd,Fgynl,Avwyuzf,hgzmevvndb@example.com,cldoizlhihry
xdnjorlb,Pojuz,Whoejak,cspaawcdsl@example.com,ztmjsgoaelrs
bfnlbmya,Fpdcy,Dwsohwa,gvmjzmzwom@example.com,qotqinsbiuml
paxqrdil,Ijona,Fmweeja,isfacjjzob@example.com,sqkzbtlgbidz
bwxuxwdx,Tdfcq,Nqlanmw,fbfjuunodc@example.com,bxiacbsmqcyk
nrrekmph,Hedpx,Xgwfzax,fymilwvzqe@example.com,cennggqtjnrg
iznjgndi,Ofpdk,Lcwebnp,ojtgumgkrf@example.com,khislomptchk
amiiqler,Upxvp,Kzomvsb,kkhzkpskwi@example.com,nwsqzqebtrxx
fhfhrwyu,Qswys,Vibnpoa,ixecaigzof@example.com,ghymrwadrsqh
zsrowqlv,Rznku,Mxcxezu,lutpbzohxj@example.com,mkhbgjrdnsqp
